도면,보드,넷,부품,핀,핀 이름
SCH-02,SB,+3V3,C201,1,
SCH-02,SB,+3V3,C202,1,
SCH-02,SB,+3V3,C203,1,
SCH-02,SB,+3V3,C204,1,
SCH-02,SB,+3V3,C205,1,
SCH-02,SB,+3V3,C206,1,
SCH-02,SB,+3V3,C207,1,
SCH-02,SB,+3V3,C208,1,
SCH-02,SB,+3V3,C209,1,
SCH-02,SB,+3V3,C210,1,
SCH-02,SB,+3V3,C211,1,
SCH-02,SB,+3V3,C212,1,
SCH-02,SB,+3V3,C213,1,
SCH-02,SB,+3V3,C214,1,
SCH-02,SB,+3V3,J201,1,
SCH-02,SB,+3V3,J201,16,
SCH-02,SB,+3V3,U201,1,VCC
SCH-02,SB,+3V3,U202,1,VCC
SCH-02,SB,+3V3,U203,1,VCC
SCH-02,SB,+3V3,U204,1,VCC
SCH-02,SB,+3V3,U205,1,VCC
SCH-02,SB,+3V3,U206,1,VCC
SCH-02,SB,+3V3,U207,1,VCC
SCH-02,SB,+3V3,U208,1,VCC
SCH-02,SB,+3V3,U209,1,VCC
SCH-02,SB,+3V3,U210,1,VCC
SCH-02,SB,+3V3,U211,1,VCC
SCH-02,SB,+3V3,U212,1,VCC
SCH-02,SB,GND,C201,2,
SCH-02,SB,GND,C202,2,
SCH-02,SB,GND,C203,2,
SCH-02,SB,GND,C204,2,
SCH-02,SB,GND,C205,2,
SCH-02,SB,GND,C206,2,
SCH-02,SB,GND,C207,2,
SCH-02,SB,GND,C208,2,
SCH-02,SB,GND,C209,2,
SCH-02,SB,GND,C210,2,
SCH-02,SB,GND,C211,2,
SCH-02,SB,GND,C212,2,
SCH-02,SB,GND,C213,2,
SCH-02,SB,GND,C214,2,
SCH-02,SB,GND,J201,15,
SCH-02,SB,GND,J201,2,
SCH-02,SB,GND,U201,2,GND
SCH-02,SB,GND,U202,2,GND
SCH-02,SB,GND,U203,2,GND
SCH-02,SB,GND,U204,2,GND
SCH-02,SB,GND,U205,2,GND
SCH-02,SB,GND,U206,2,GND
SCH-02,SB,GND,U207,2,GND
SCH-02,SB,GND,U208,2,GND
SCH-02,SB,GND,U209,2,GND
SCH-02,SB,GND,U210,2,GND
SCH-02,SB,GND,U211,2,GND
SCH-02,SB,GND,U212,2,GND
SCH-02,SB,HALL_A,J201,12,
SCH-02,SB,HALL_A,U210,3,OUT
SCH-02,SB,HALL_AS,J201,13,
SCH-02,SB,HALL_AS,U211,3,OUT
SCH-02,SB,HALL_B,J201,14,
SCH-02,SB,HALL_B,U212,3,OUT
SCH-02,SB,HALL_C,J201,3,
SCH-02,SB,HALL_C,U201,3,OUT
SCH-02,SB,HALL_CS,J201,4,
SCH-02,SB,HALL_CS,U202,3,OUT
SCH-02,SB,HALL_D,J201,5,
SCH-02,SB,HALL_D,U203,3,OUT
SCH-02,SB,HALL_DS,J201,6,
SCH-02,SB,HALL_DS,U204,3,OUT
SCH-02,SB,HALL_E,J201,7,
SCH-02,SB,HALL_E,U205,3,OUT
SCH-02,SB,HALL_F,J201,8,
SCH-02,SB,HALL_F,U206,3,OUT
SCH-02,SB,HALL_FS,J201,9,
SCH-02,SB,HALL_FS,U207,3,OUT
SCH-02,SB,HALL_G,J201,10,
SCH-02,SB,HALL_G,U208,3,OUT
SCH-02,SB,HALL_GS,J201,11,
SCH-02,SB,HALL_GS,U209,3,OUT
SCH-03,MB,+3V3,A301,3,3V3
SCH-03,MB,+3V3,A302,18,VCC
SCH-03,MB,+3V3,C301,1,
SCH-03,MB,+3V3,J301,1,
SCH-03,MB,+3V3,J301,16,
SCH-03,MB,+3V3,J302,6,
SCH-03,MB,+3V3,TP301,1,
SCH-03,MB,EXT1,A302,13,C12
SCH-03,MB,EXT1,J302,2,
SCH-03,MB,EXT1,R301,1,
SCH-03,MB,EXT2,A302,14,C13
SCH-03,MB,EXT2,J302,3,
SCH-03,MB,EXT2,R302,1,
SCH-03,MB,EXT3,A302,15,C14
SCH-03,MB,EXT3,J302,4,
SCH-03,MB,EXT3,R303,1,
SCH-03,MB,EXT4,A302,16,C15
SCH-03,MB,EXT4,J302,5,
SCH-03,MB,EXT4,R304,1,
SCH-03,MB,GND,A301,2,GND
SCH-03,MB,GND,A302,17,GND
SCH-03,MB,GND,A302,19,EN
SCH-03,MB,GND,C301,2,
SCH-03,MB,GND,J301,15,
SCH-03,MB,GND,J301,2,
SCH-03,MB,GND,J302,1,
SCH-03,MB,GND,JP301,2,
SCH-03,MB,GND,JP302,2,
SCH-03,MB,GND,JP303,2,
SCH-03,MB,GND,JP304,1,
SCH-03,MB,GND,R301,2,
SCH-03,MB,GND,R302,2,
SCH-03,MB,GND,R303,2,
SCH-03,MB,GND,R304,2,
SCH-03,MB,GND,TP302,1,
SCH-03,MB,HALL_A,A302,10,C9
SCH-03,MB,HALL_A,J301,12,
SCH-03,MB,HALL_AS,A302,11,C10
SCH-03,MB,HALL_AS,J301,13,
SCH-03,MB,HALL_B,A302,12,C11
SCH-03,MB,HALL_B,J301,14,
SCH-03,MB,HALL_C,A302,1,C0
SCH-03,MB,HALL_C,J301,3,
SCH-03,MB,HALL_CS,A302,2,C1
SCH-03,MB,HALL_CS,J301,4,
SCH-03,MB,HALL_D,A302,3,C2
SCH-03,MB,HALL_D,J301,5,
SCH-03,MB,HALL_DS,A302,4,C3
SCH-03,MB,HALL_DS,J301,6,
SCH-03,MB,HALL_E,A302,5,C4
SCH-03,MB,HALL_E,J301,7,
SCH-03,MB,HALL_F,A302,6,C5
SCH-03,MB,HALL_F,J301,8,
SCH-03,MB,HALL_FS,A302,7,C6
SCH-03,MB,HALL_FS,J301,9,
SCH-03,MB,HALL_G,A302,8,C7
SCH-03,MB,HALL_G,J301,10,
SCH-03,MB,HALL_GS,A302,9,C8
SCH-03,MB,HALL_GS,J301,11,
SCH-03,MB,ID0,A301,16,GP6
SCH-03,MB,ID0,JP301,1,
SCH-03,MB,ID1,A301,17,GP7
SCH-03,MB,ID1,JP302,1,
SCH-03,MB,ID2,A301,18,GP8
SCH-03,MB,ID2,JP303,1,
SCH-03,MB,MUX_S0,A301,12,GP2
SCH-03,MB,MUX_S0,A302,20,S0
SCH-03,MB,MUX_S1,A301,13,GP3
SCH-03,MB,MUX_S1,A302,21,S1
SCH-03,MB,MUX_S2,A301,14,GP4
SCH-03,MB,MUX_S2,A302,22,S2
SCH-03,MB,MUX_S3,A301,15,GP5
SCH-03,MB,MUX_S3,A302,23,S3
SCH-03,MB,MUX_SIG,A301,7,GP26
SCH-03,MB,MUX_SIG,A302,24,SIG
SCH-03,MB,MUX_SIG,TP303,1,
SCH-03,MB,PED_SEL,A301,9,GP14
SCH-03,MB,PED_SEL,JP304,2,
SCH-03,MB,(이름 없음 N1),A301,1,5V
SCH-03,MB,(이름 없음 N10),A301,21,GP11
SCH-03,MB,(이름 없음 N11),A301,20,GP12
SCH-03,MB,(이름 없음 N12),A301,19,GP13
SCH-03,MB,(이름 없음 N2),A301,6,GP27
SCH-03,MB,(이름 없음 N3),A301,5,GP28
SCH-03,MB,(이름 없음 N4),A301,4,GP29
SCH-03,MB,(이름 없음 N5),A301,8,GP15
SCH-03,MB,(이름 없음 N6),A301,10,GP0
SCH-03,MB,(이름 없음 N7),A301,11,GP1
SCH-03,MB,(이름 없음 N8),A301,23,GP9
SCH-03,MB,(이름 없음 N9),A301,22,GP10
SCH-04,EL,+3V3_EL,C401,1,
SCH-04,EL,+3V3_EL,C402,1,
SCH-04,EL,+3V3_EL,C403,1,
SCH-04,EL,+3V3_EL,C404,1,
SCH-04,EL,+3V3_EL,J401,5,3V3
SCH-04,EL,+3V3_EL,U401,1,VCC
SCH-04,EL,+3V3_EL,U402,1,VCC
SCH-04,EL,+3V3_EL,U403,1,VCC
SCH-04,EL,+3V3_EL,X401,6,
SCH-04,EL,+3V3_EL,X402,6,
SCH-04,ER,+3V3_ER,C411,1,
SCH-04,ER,+3V3_ER,C412,1,
SCH-04,ER,+3V3_ER,J411,3,3V3
SCH-04,ER,+3V3_ER,U411,1,VCC
SCH-04,ER,+3V3_ER,X411,6,
SCH-04,ER,+3V3_ER,X412,6,
SCH-04,EL,EL_A0,J401,2,A0
SCH-04,EL,EL_A0,R401,1,
SCH-04,EL,EL_A0,X401,2,
SCH-04,EL,EL_A0,X402,2,
SCH-04,EL,EL_AS0,J401,3,A#0
SCH-04,EL,EL_AS0,R402,1,
SCH-04,EL,EL_AS0,X401,3,
SCH-04,EL,EL_AS0,X402,3,
SCH-04,EL,EL_B0,J401,4,B0
SCH-04,EL,EL_B0,R403,1,
SCH-04,EL,EL_B0,X401,4,
SCH-04,EL,EL_B0,X402,4,
SCH-04,EL,EL_EXT4,X401,5,
SCH-04,EL,EL_EXT4,X402,5,
SCH-04,ER,ER_C8,J411,2,C8
SCH-04,ER,ER_C8,R411,1,
SCH-04,ER,ER_C8,X411,2,
SCH-04,ER,ER_C8,X412,2,
SCH-04,ER,ER_EXT2,X411,3,
SCH-04,ER,ER_EXT2,X412,3,
SCH-04,ER,ER_EXT3,X411,4,
SCH-04,ER,ER_EXT3,X412,4,
SCH-04,ER,ER_EXT4,X411,5,
SCH-04,ER,ER_EXT4,X412,5,
SCH-04,EL,GND,C401,2,
SCH-04,EL,GND,C402,2,
SCH-04,EL,GND,C403,2,
SCH-04,EL,GND,C404,2,
SCH-04,ER,GND,C411,2,
SCH-04,ER,GND,C412,2,
SCH-04,EL,GND,J401,1,GND
SCH-04,ER,GND,J411,1,GND
SCH-04,EL,GND,U401,2,GND
SCH-04,EL,GND,U402,2,GND
SCH-04,EL,GND,U403,2,GND
SCH-04,ER,GND,U411,2,GND
SCH-04,EL,GND,X401,1,
SCH-04,EL,GND,X402,1,
SCH-04,ER,GND,X411,1,
SCH-04,ER,GND,X412,1,
SCH-04,EL,(이름 없음 N1),R401,2,
SCH-04,EL,(이름 없음 N1),U401,3,OUT
SCH-04,EL,(이름 없음 N2),R402,2,
SCH-04,EL,(이름 없음 N2),U402,3,OUT
SCH-04,EL,(이름 없음 N3),R403,2,
SCH-04,EL,(이름 없음 N3),U403,3,OUT
SCH-04,ER,(이름 없음 N4),R411,2,
SCH-04,ER,(이름 없음 N4),U411,3,OUT
SCH-05,PB,+3V3,A501,3,3V3
SCH-05,PB,+3V3,R503,1,
SCH-05,PB,GND,A501,2,GND
SCH-05,PB,GND,C501,2,
SCH-05,PS,GND,C551,2,
SCH-05,PB,GND,J501,S,S
SCH-05,PB,GND,J501,TN,TN
SCH-05,PB,GND,JP504,1,
SCH-05,PS,GND,P501,S,S
SCH-05,PB,GND,R502,1,
SCH-05,PS,GND,U551,2,GND
SCH-05,PB,PED_ADC,A501,7,GP26
SCH-05,PB,PED_ADC,C501,1,
SCH-05,PB,PED_ADC,R501,1,
SCH-05,PB,PED_SEL,A501,9,GP14
SCH-05,PB,PED_SEL,JP504,2,
SCH-05,PB,PED_TIP,J501,T,T
SCH-05,PS,PED_TIP,P501,T,T
SCH-05,PB,PED_TIP,R501,2,
SCH-05,PB,PED_TIP,R502,2,
SCH-05,PS,PED_TIP,R551,1,
SCH-05,PB,PED_TIP,TP501,1,
SCH-05,PS,PED_VCC,C551,1,
SCH-05,PB,PED_VCC,J501,R,R
SCH-05,PS,PED_VCC,P501,R,R
SCH-05,PB,PED_VCC,R503,2,
SCH-05,PB,PED_VCC,TP502,1,
SCH-05,PS,PED_VCC,U551,1,VCC
SCH-05,PS,(이름 없음 N1),R551,2,
SCH-05,PS,(이름 없음 N1),U551,3,OUT
SCH-05,PB,(이름 없음 N10),A501,12,GP2
SCH-05,PB,(이름 없음 N11),A501,13,GP3
SCH-05,PB,(이름 없음 N12),A501,14,GP4
SCH-05,PB,(이름 없음 N13),A501,15,GP5
SCH-05,PB,(이름 없음 N14),A501,16,GP6
SCH-05,PB,(이름 없음 N15),A501,17,GP7
SCH-05,PB,(이름 없음 N16),A501,18,GP8
SCH-05,PB,(이름 없음 N17),A501,23,GP9
SCH-05,PB,(이름 없음 N18),A501,22,GP10
SCH-05,PB,(이름 없음 N19),A501,21,GP11
SCH-05,PB,(이름 없음 N2),J501,RN,RN
SCH-05,PB,(이름 없음 N20),A501,20,GP12
SCH-05,PB,(이름 없음 N21),A501,19,GP13
SCH-05,PB,(이름 없음 N3),A501,1,5V
SCH-05,PB,(이름 없음 N4),A501,6,GP27
SCH-05,PB,(이름 없음 N5),A501,5,GP28
SCH-05,PB,(이름 없음 N6),A501,4,GP29
SCH-05,PB,(이름 없음 N7),A501,8,GP15
SCH-05,PB,(이름 없음 N8),A501,10,GP0
SCH-05,PB,(이름 없음 N9),A501,11,GP1
SCH-06,CU,+20V,A602,1,IN+
SCH-06,CU,+20V,SW601,2,
SCH-06,CU,+20V,TP601,1,
SCH-06,CU,+20V_F,F601,2,
SCH-06,CU,+20V_F,SW601,1,
SCH-06,CU,+20V_PD,A601,1,VOUT+
SCH-06,CU,+20V_PD,A601,2,VOUT+
SCH-06,CU,+20V_PD,F601,1,
SCH-06,CU,+5V1,A602,3,OUT+
SCH-06,CU,+5V1,P601,A4,VBUS
SCH-06,CU,+5V1,P602,1,+
SCH-06,CU,+5V1,TP602,1,
SCH-06,CU,+5V_PI,A603,2,5V
SCH-06,CU,+5V_PI,A605,1,5V
SCH-06,CU,+5V_PI,P603,1,
SCH-06,CU,+5V_PI,P604,1,
SCH-06,CU,+5V_PI,X601,1,
SCH-06,CU,+5V_PI,X602,1,
SCH-06,CU,+5V_PI,X603,1,
SCH-06,CU,+5V_PI,X604,1,
SCH-06,CU,GND,A601,3,GND
SCH-06,CU,GND,A601,4,GND
SCH-06,CU,GND,A602,2,IN-
SCH-06,CU,GND,A602,4,OUT-
SCH-06,CU,GND,A603,6,GND
SCH-06,CU,GND,A605,2,GND
SCH-06,CU,GND,P601,A1,GND
SCH-06,CU,GND,P602,2,−
SCH-06,CU,GND,P603,2,
SCH-06,CU,GND,P604,2,
SCH-06,CU,GND,TP603,1,
SCH-06,CU,GND,X601,2,
SCH-06,CU,GND,X602,2,
SCH-06,CU,GND,X603,2,
SCH-06,CU,GND,X604,3,
SCH-06,CU,(이름 없음 N1),X604,2,
SCH-07,CU,+20V,A702,4,VCC
SCH-07,CU,AGND,A701,S,GND
SCH-07,CU,AGND,A702,2,G
SCH-07,CU,AGND,J701,S,S
SCH-07,CU,AGND,J702,S,S
SCH-07,CU,AGND,P701,S,S
SCH-07,CU,AGND,P702,S,S
SCH-07,CU,AGND,R701,2,
SCH-07,CU,AGND,R702,2,
SCH-07,CU,AMP_IN_L,A702,1,L
SCH-07,CU,AMP_IN_L,C701,1,
SCH-07,CU,AMP_IN_L,C702,1,
SCH-07,CU,AMP_IN_L,R701,1,
SCH-07,CU,AMP_IN_R,A702,3,R
SCH-07,CU,AMP_IN_R,C703,1,
SCH-07,CU,AMP_IN_R,C704,1,
SCH-07,CU,AMP_IN_R,R702,1,
SCH-07,CU,DAC_L,A701,T,L
SCH-07,CU,DAC_L,J701,T,T
SCH-07,CU,DAC_L,P701,T,T
SCH-07,CU,DAC_R,A701,R,R
SCH-07,CU,DAC_R,J701,R,R
SCH-07,CU,DAC_R,P701,R,R
SCH-07,CU,GND,A702,5,GND
SCH-07,CU,HP_RN_R,C703,2,
SCH-07,CU,HP_RN_R,C704,2,
SCH-07,CU,HP_RN_R,J701,RN,RN
SCH-07,CU,HP_RN_R,J702,R,R
SCH-07,CU,HP_RN_R,P702,R,R
SCH-07,CU,HP_TN_L,C701,2,
SCH-07,CU,HP_TN_L,C702,2,
SCH-07,CU,HP_TN_L,J701,TN,TN
SCH-07,CU,HP_TN_L,J702,T,T
SCH-07,CU,HP_TN_L,P702,T,T
SCH-07,CU,SPK_L_N,A702,7,L-
SCH-07,CU,SPK_L_N,LS701,2,−
SCH-07,CU,SPK_L_N,X703,1,
SCH-07,CU,SPK_L_N,X704,1,
SCH-07,CU,SPK_L_P,A702,6,L+
SCH-07,CU,SPK_L_P,LS701,1,+
SCH-07,CU,SPK_L_P,X703,2,
SCH-07,CU,SPK_L_P,X704,2,
SCH-07,CU,SPK_R_N,A702,9,R-
SCH-07,CU,SPK_R_N,LS702,2,−
SCH-07,CU,SPK_R_N,X705,1,
SCH-07,CU,SPK_R_N,X706,1,
SCH-07,CU,SPK_R_P,A702,8,R+
SCH-07,CU,SPK_R_P,LS702,1,+
SCH-07,CU,SPK_R_P,X705,2,
SCH-07,CU,SPK_R_P,X706,2,
SCH-07,CU,(이름 없음 N1),J702,TN,TN
SCH-07,CU,(이름 없음 N2),J702,RN,RN
