시험,시편,항목,단위,설계(모델),합격 하한,합격 상한,1회,2회,3회,평균,판정(O/X),메모
1,C01,마찰 감쇠 (반 흔들림당),deg,,,,,,,,,
1,C01,쉼 읽음 θ_h,deg,0,-0.5,0.5,,,,,,
1,C01,θ0 90° → 되튐 θr,deg,,,,,,,,,
1,C01,θ0 120° → 되튐 θr,deg,,,,,,,,,
1,C01,θ0 150° → 되튐 θr,deg,,,,,,,,,
1,C01,"실효 e (θ0 150°, 마찰 보정)",-,0.06,,0.07,,,,,,
2,C02,눌림 0.35 mm에서 힘,N,3.8,2.7,5.4,,,,,,
2,C02,눌림 0.70 mm에서 힘,N,8.2,5.8,11.5,,,,,,
2,C02,눌림 1.05 mm에서 힘,N,13.3,9.3,18.6,,,,,,
2,C02,눌림 1.40 mm에서 힘,N,19.2,13.4,26.9,,,,,,
2,C02,눌림 1.75 mm에서 힘,N,26.2,18.3,36.7,,,,,,
2,C02,눌림 2.10 mm에서 힘,N,34.6,24.2,48.4,,,,,,
2,C02,맞춘 E,MPa,1.0,0.7,1.4,,,,,,
3,C03a,띠 두께 t (3곳 평균),mm,5.50,,,,,,,,
3,C03a,띠 폭 b,mm,12.00,,,,,,,,
3,C03a,띠 강성 k (2→20 N 기울기),N/mm,15.4,14.4,,,,,,,
3,C03a,E_eff,MPa,1950,1825,,,,,,,
3,프레임,C# 자리 다이얼 점 처짐 @49 N,mm,0.029,,0.051,,,,,,
3,프레임,C# 자리 다이얼 점 처짐 @98 N,mm,0.057,,0.103,,,,,,
20,C16,스냅만: 강철이 아래로 빠지는 힘 (캐리어 1),N,30 ~ 47,,,,,,,,
20,C16,스냅만: 52 N에서 립 선 벌어짐 (한쪽),mm,1.11 / 1.70,,,,,,,,
20,C16,접착: MS 폴리머 굳힘 시간,h,24,24,,,,,,,
20,C16,접착: 5 °C ↔ 45 °C 순환 (각 2 h 이상),번,3,,3,,,,,,
20,C16,접착: 117 N × 10 s × 3 뒤 강철 움직임 (캐리어 2·3),mm,0,,0.05,,,,,,
20,C16,"접착: 1 m 낙하 3번 (나무 바닥, 세 방향)",O/X,,,,,,,,,
16,C11,처짐 (앞 홈 y150),mm,0,,0.3,,,,,,
16,C11,처짐 (패드 구간 y176),mm,0,,0.3,,,,,,
16,C11,처짐 (뒤 y200),mm,0,,0.3,,,,,,
16,C11,1.5T 띠 넣기,O/X,,,,,,,,,
15,C12,시편 1 끊김 무게,kg,,11.01,,,,,,,
15,C12,시편 2 끊김 무게,kg,,11.01,,,,,,,
15,C12,시편 3 끊김 무게,kg,,11.01,,,,,,,
15,C12,층간 강도 (평균),MPa,,30,,,,,,,
5,C04a,백 R2.5 빠짐 힘 (2~5회 평균),N,3.97,1.0,2.0,,,,,,
5,C04a,백 R2.525 빠짐 힘 (2~5회 평균),N,2.92,1.0,2.0,,,,,,
5,C04a,백 R2.55 빠짐 힘 (2~5회 평균),N,1.99,1.0,2.0,,,,,,
5,C04a,백 R2.575 빠짐 힘 (2~5회 평균),N,1.19,1.0,2.0,,,,,,
5,C04a,백 R2.6 빠짐 힘 (2~5회 평균),N,0.54,1.0,2.0,,,,,,
5,C04b,흑 R2.5 빠짐 힘 (2~5회 평균),N,2.65,1.0,2.0,,,,,,
5,C04b,흑 R2.525 빠짐 힘 (2~5회 평균),N,1.95,1.0,2.0,,,,,,
5,C04b,흑 R2.55 빠짐 힘 (2~5회 평균),N,1.33,1.0,2.0,,,,,,
5,C04b,흑 R2.575 빠짐 힘 (2~5회 평균),N,0.79,1.0,2.0,,,,,,
5,C04b,흑 R2.6 빠짐 힘 (2~5회 평균),N,0.36,1.0,2.0,,,,,,
6,C05,흑 날 6.8 + 천 0.4: 내려감 / 심,O/X,,,,,,,,,
6,C05,흑 날 6.8 + 천 0.5: 내려감 / 심,O/X,,,,,,,,,
6,C05,흑 날 6.8 + 천 0.6: 내려감 / 심,O/X,,,,,,,,,
6,C05,흑 날 6.9 + 천 0.4: 내려감 / 심,O/X,,,,,,,,,
6,C05,흑 날 6.9 + 천 0.5: 내려감 / 심,O/X,,,,,,,,,
6,C05,흑 날 6.9 + 천 0.6: 내려감 / 심,O/X,,,,,,,,,
6,C05,흑 날 7.0 + 천 0.4: 내려감 / 심,O/X,,,,,,,,,
6,C05,흑 날 7.0 + 천 0.5: 내려감 / 심,O/X,,,,,,,,,
6,C05,흑 날 7.0 + 천 0.6: 내려감 / 심,O/X,,,,,,,,,
6,C05,백 날 7.4 + 천 0.5: 내려감 / 심,O/X,,,,,,,,,
6,C05,백 날 7.5 + 천 0.5: 내려감 / 심,O/X,,,,,,,,,
6,C05,백 날 7.6 + 천 0.5: 내려감 / 심,O/X,,,,,,,,,
P,C07,Ø1.80 누름 힘 최대,N,,15,80,,,,,,
P,C07,Ø1.85 누름 힘 최대,N,,15,80,,,,,,
P,C07,Ø1.90 누름 힘 최대,N,,15,80,,,,,,
P,C07,Ø1.95 누름 힘 최대,N,,15,80,,,,,,
P,C07,Ø2.00 누름 힘 최대,N,,15,80,,,,,,
P,C07,Ø1.80 돌출,mm,4.30,4.20,4.40,,,,,,
P,C07,Ø1.85 돌출,mm,4.30,4.20,4.40,,,,,,
P,C07,Ø1.90 돌출,mm,4.30,4.20,4.40,,,,,,
P,C07,Ø1.95 돌출,mm,4.30,4.20,4.40,,,,,,
P,C07,Ø2.00 돌출,mm,4.30,4.20,4.40,,,,,,
C,C08,변형 1 토크 (처음 / 20번 뒤),N·mm,,3,40,,,,,,
C,C08,변형 2 토크 (처음 / 20번 뒤),N·mm,,3,40,,,,,,
C,C08,변형 3 토크 (처음 / 20번 뒤),N·mm,,3,40,,,,,,
C,C08,변형 4 토크 (처음 / 20번 뒤),N·mm,,3,40,,,,,,
C,C08,변형 5 토크 (처음 / 20번 뒤),N·mm,,3,40,,,,,,
T,C09,앞 펠트 (백) 두께 (빈 / 강철1 / 강철2),mm,3.00,2.70,3.30,,,,,,
T,C09,쉼 펠트 두께 (빈 / 강철1 / 강철2),mm,1.50,1.35,1.65,,,,,,
T,C09,키퍼 펠트 두께 (빈 / 강철1 / 강철2),mm,2.00,1.80,2.20,,,,,,
T,C09,캡스턴 펠트 두께 (빈 / 강철1 / 강철2),mm,2.00,1.80,2.20,,,,,,
T,C09,패드 펠트 두께 (빈 / 강철1 / 강철2),mm,1.00,0.90,1.10,,,,,,
T,C09,패드 폼 두께 (빈 / 강철1 / 강철2),mm,6.00,5.40,6.60,,,,,,
T,C09,부싱 천 두께 (빈 / 강철1 / 강철2),mm,0.50,0.45,0.55,,,,,,
4,C15,1.5 m/s 되튐 높이,mm,4.59,,5.55,,,,,,
4,C15,e (1.5 m/s),-,0.20,,0.22,,,,,,
4,C15,1.0 m/s 되튐 높이,mm,2.04,,,,,,,,
8,C06,추 10 g → b,deg,,,,,,,,,
8,C06,추 15 g → b,deg,,,,,,,,,
8,C06,추 20 g → b,deg,,,,,,,,,
8,C06,추 25 g → b,deg,,,,,,,,,
8,C06,추 30 g → b,deg,,,,,,,,,
8,C06,추 35 g → b,deg,,,,,,,,,
8,C06,추 40 g → b,deg,,,,,,,,,
8,C06,k_t (맞춤),N·mm/rad,8.44,7.17,9.70,,,,,,
8,C06,자유각 (맞춤),deg,-28.4,-33.4,-23.4,,,,,,
12,C10,잎 1 처음 힘 (0.3),g,10.1,,,,,,,,
12,C10,잎 2 처음 힘 (0.3),g,10.1,,,,,,,,
12,C10,잎 3 처음 힘 (0.3),g,10.1,,,,,,,,
12,C10,잎 1 1주 뒤 힘 (0.3),g,,5.0,,,,,,,
12,C10,잎 2 1주 뒤 힘 (0.3),g,,5.0,,,,,,,
12,C10,잎 3 1주 뒤 힘 (0.3),g,,5.0,,,,,,,
19,C13,케이블 몰드 폭×높이×길이,mm,12.5×7.6×25,,,,,,,,
7,C14,백 DW,g,51.9,47,55,,,,,,
7,C14,흑 DW,g,51.0,47,55,,,,,,
7,C14,백 UW,g,42.8,20,,,,,,,
7,C14,흑 UW,g,40.8,20,,,,,,,
7,C14,백 립 y0 DW,g,47.1,47,,,,,,,
9,-,백 t50 / t100,ms,30.8 / 45.4,,37.6 / 60,,,,,,
9,-,흑 t50 / t100,ms,26.5 / 39.9,,37.6 / 60,,,,,,
10,-,들림 PLAY / ABUSE,mm,0.162 / 0.177,,0.20 / 0.40,,,,,,
11,-,거름 켠 재타건 수,회,0,,0,,,,,,
11,-,"유령 다시 눌림 시각 (note-on부터, 가장 늦은 것)",ms,-,,500,,,,,,
13,C16a,넣기 1회 (캐리어 3개),O/X,,,,,,,,,
13,C16a,넣기 2회 (캐리어 3개),O/X,,,,,,,,,
13,C16a,넣기 3회 (캐리어 3개),O/X,,,,,,,,,
14,-,백 0.75 / 1.04 N,O/X,,,,,,,,,
14,-,흑 0.96 / 1.43 N,O/X,,,,,,,,,
17,-,느낌,O/X,,,,,,,,,
18,-,세웠다 눕힘,O/X,,,,,,,,,
21,C17a,"E 자리 처짐 (0 → 36.7 kg → 0, 3회 평균)",mm,0.121,,0.13,,,,,,
21,C17a,"F 자리 처짐 (0 → 36.7 kg → 0, 3회 평균)",mm,0.110,,0.13,,,,,,
21,C17a,레일 밑·기판 구멍 밑이 책상에서 뜸 (종이 띠가 지나감),O/X,,,,,,,,,
