도면,보드,부품,값,부품 설명,보드당,전체 수량,실장 조건,KiCad 심볼,KiCad 풋프린트,구매 목록 코드,구매처
SCH-02,SB,U201,DRV5055A2QLPG,"TI DRV5055A2QLPG, TO-92-3 (LPG)",7,7,,Sensor_Magnetic:DRV5055A2xLPGxQ1 (Value = DRV5055A2QLPG),Package_TO_SOT_THT:TO-92_Inline_W4.0mm_Horizontal_FlatSideUp → 2.54 간격으로 복사 수정,L20,아이씨뱅큐 P018076669
SCH-02,SB,C201,100n,Samsung CL31B104KCFNNNE 1206 100 nF 100 V X7R,7,7,,Device:C,Capacitor_SMD:C_1206_3216Metric_Pad1.33x1.80mm_HandSolder,SE4,아이씨뱅큐 P014968846
SCH-02,SB,U202,DRV5055A2QLPG,"TI DRV5055A2QLPG, TO-92-3 (LPG)",7,7,,Sensor_Magnetic:DRV5055A2xLPGxQ1 (Value = DRV5055A2QLPG),Package_TO_SOT_THT:TO-92_Inline_W4.0mm_Horizontal_FlatSideUp → 2.54 간격으로 복사 수정,L20,아이씨뱅큐 P018076669
SCH-02,SB,C202,100n,Samsung CL31B104KCFNNNE 1206 100 nF 100 V X7R,7,7,,Device:C,Capacitor_SMD:C_1206_3216Metric_Pad1.33x1.80mm_HandSolder,SE4,아이씨뱅큐 P014968846
SCH-02,SB,U203,DRV5055A2QLPG,"TI DRV5055A2QLPG, TO-92-3 (LPG)",7,7,,Sensor_Magnetic:DRV5055A2xLPGxQ1 (Value = DRV5055A2QLPG),Package_TO_SOT_THT:TO-92_Inline_W4.0mm_Horizontal_FlatSideUp → 2.54 간격으로 복사 수정,L20,아이씨뱅큐 P018076669
SCH-02,SB,C203,100n,Samsung CL31B104KCFNNNE 1206 100 nF 100 V X7R,7,7,,Device:C,Capacitor_SMD:C_1206_3216Metric_Pad1.33x1.80mm_HandSolder,SE4,아이씨뱅큐 P014968846
SCH-02,SB,U204,DRV5055A2QLPG,"TI DRV5055A2QLPG, TO-92-3 (LPG)",7,7,,Sensor_Magnetic:DRV5055A2xLPGxQ1 (Value = DRV5055A2QLPG),Package_TO_SOT_THT:TO-92_Inline_W4.0mm_Horizontal_FlatSideUp → 2.54 간격으로 복사 수정,L20,아이씨뱅큐 P018076669
SCH-02,SB,C204,100n,Samsung CL31B104KCFNNNE 1206 100 nF 100 V X7R,7,7,,Device:C,Capacitor_SMD:C_1206_3216Metric_Pad1.33x1.80mm_HandSolder,SE4,아이씨뱅큐 P014968846
SCH-02,SB,U205,DRV5055A2QLPG,"TI DRV5055A2QLPG, TO-92-3 (LPG)",7,7,,Sensor_Magnetic:DRV5055A2xLPGxQ1 (Value = DRV5055A2QLPG),Package_TO_SOT_THT:TO-92_Inline_W4.0mm_Horizontal_FlatSideUp → 2.54 간격으로 복사 수정,L20,아이씨뱅큐 P018076669
SCH-02,SB,C205,100n,Samsung CL31B104KCFNNNE 1206 100 nF 100 V X7R,7,7,,Device:C,Capacitor_SMD:C_1206_3216Metric_Pad1.33x1.80mm_HandSolder,SE4,아이씨뱅큐 P014968846
SCH-02,SB,U206,DRV5055A2QLPG,"TI DRV5055A2QLPG, TO-92-3 (LPG)",7,7,,Sensor_Magnetic:DRV5055A2xLPGxQ1 (Value = DRV5055A2QLPG),Package_TO_SOT_THT:TO-92_Inline_W4.0mm_Horizontal_FlatSideUp → 2.54 간격으로 복사 수정,L20,아이씨뱅큐 P018076669
SCH-02,SB,C206,100n,Samsung CL31B104KCFNNNE 1206 100 nF 100 V X7R,7,7,,Device:C,Capacitor_SMD:C_1206_3216Metric_Pad1.33x1.80mm_HandSolder,SE4,아이씨뱅큐 P014968846
SCH-02,SB,U207,DRV5055A2QLPG,"TI DRV5055A2QLPG, TO-92-3 (LPG)",7,7,,Sensor_Magnetic:DRV5055A2xLPGxQ1 (Value = DRV5055A2QLPG),Package_TO_SOT_THT:TO-92_Inline_W4.0mm_Horizontal_FlatSideUp → 2.54 간격으로 복사 수정,L20,아이씨뱅큐 P018076669
SCH-02,SB,C207,100n,Samsung CL31B104KCFNNNE 1206 100 nF 100 V X7R,7,7,,Device:C,Capacitor_SMD:C_1206_3216Metric_Pad1.33x1.80mm_HandSolder,SE4,아이씨뱅큐 P014968846
SCH-02,SB,U208,DRV5055A2QLPG,"TI DRV5055A2QLPG, TO-92-3 (LPG)",7,7,,Sensor_Magnetic:DRV5055A2xLPGxQ1 (Value = DRV5055A2QLPG),Package_TO_SOT_THT:TO-92_Inline_W4.0mm_Horizontal_FlatSideUp → 2.54 간격으로 복사 수정,L20,아이씨뱅큐 P018076669
SCH-02,SB,C208,100n,Samsung CL31B104KCFNNNE 1206 100 nF 100 V X7R,7,7,,Device:C,Capacitor_SMD:C_1206_3216Metric_Pad1.33x1.80mm_HandSolder,SE4,아이씨뱅큐 P014968846
SCH-02,SB,U209,DRV5055A2QLPG,"TI DRV5055A2QLPG, TO-92-3 (LPG)",7,7,,Sensor_Magnetic:DRV5055A2xLPGxQ1 (Value = DRV5055A2QLPG),Package_TO_SOT_THT:TO-92_Inline_W4.0mm_Horizontal_FlatSideUp → 2.54 간격으로 복사 수정,L20,아이씨뱅큐 P018076669
SCH-02,SB,C209,100n,Samsung CL31B104KCFNNNE 1206 100 nF 100 V X7R,7,7,,Device:C,Capacitor_SMD:C_1206_3216Metric_Pad1.33x1.80mm_HandSolder,SE4,아이씨뱅큐 P014968846
SCH-02,SB,U210,DRV5055A2QLPG,"TI DRV5055A2QLPG, TO-92-3 (LPG)",7,7,,Sensor_Magnetic:DRV5055A2xLPGxQ1 (Value = DRV5055A2QLPG),Package_TO_SOT_THT:TO-92_Inline_W4.0mm_Horizontal_FlatSideUp → 2.54 간격으로 복사 수정,L20,아이씨뱅큐 P018076669
SCH-02,SB,C210,100n,Samsung CL31B104KCFNNNE 1206 100 nF 100 V X7R,7,7,,Device:C,Capacitor_SMD:C_1206_3216Metric_Pad1.33x1.80mm_HandSolder,SE4,아이씨뱅큐 P014968846
SCH-02,SB,U211,DRV5055A2QLPG,"TI DRV5055A2QLPG, TO-92-3 (LPG)",7,7,,Sensor_Magnetic:DRV5055A2xLPGxQ1 (Value = DRV5055A2QLPG),Package_TO_SOT_THT:TO-92_Inline_W4.0mm_Horizontal_FlatSideUp → 2.54 간격으로 복사 수정,L20,아이씨뱅큐 P018076669
SCH-02,SB,C211,100n,Samsung CL31B104KCFNNNE 1206 100 nF 100 V X7R,7,7,,Device:C,Capacitor_SMD:C_1206_3216Metric_Pad1.33x1.80mm_HandSolder,SE4,아이씨뱅큐 P014968846
SCH-02,SB,U212,DRV5055A2QLPG,"TI DRV5055A2QLPG, TO-92-3 (LPG)",7,7,,Sensor_Magnetic:DRV5055A2xLPGxQ1 (Value = DRV5055A2QLPG),Package_TO_SOT_THT:TO-92_Inline_W4.0mm_Horizontal_FlatSideUp → 2.54 간격으로 복사 수정,L20,아이씨뱅큐 P018076669
SCH-02,SB,C212,100n,Samsung CL31B104KCFNNNE 1206 100 nF 100 V X7R,7,7,,Device:C,Capacitor_SMD:C_1206_3216Metric_Pad1.33x1.80mm_HandSolder,SE4,아이씨뱅큐 P014968846
SCH-02,SB,C213,10µ,"1206 10 µF 16 V (C3216-10UF, 50개 단위) — 구매 목록에 추가",7,7,,Device:C,Capacitor_SMD:C_1206_3216Metric_Pad1.33x1.80mm_HandSolder,신규,아이씨뱅큐 P001248090
SCH-02,SB,C214,10µ,"1206 10 µF 16 V (C3216-10UF, 50개 단위) — 구매 목록에 추가",7,7,,Device:C,Capacitor_SMD:C_1206_3216Metric_Pad1.33x1.80mm_HandSolder,신규,아이씨뱅큐 P001248090
SCH-02,SB,J201,리본 16심 → 2×8 구멍 (2.54),EUNSUNG 2651-16P 플랫 케이블 (16심 전부 사용),7,7,,Connector_Generic:Conn_02x08_Odd_Even,"Connector_PinHeader_2.54mm:PinHeader_2x08_P2.54mm_Vertical (패드만, 리본 직접 납땜)",C05,엘레파츠 425
SCH-03,MB,J301,리본 16심 입력 2×8,EUNSUNG 2651-16P 플랫 케이블 (16심 전부 사용),7,7,,Connector_Generic:Conn_02x08_Odd_Even,"Connector_PinHeader_2.54mm:PinHeader_2x08_P2.54mm_Vertical (패드만, 리본 직접 납땜)",C05,엘레파츠 425
SCH-03,MB,A302,CD74HC4067 16채널 먹스 모듈,CD74HC4067 16채널 먹스 모듈 (파츠파츠 PP-A324),7,7,,"Toccata:CD74HC4067_Breakout (직접 만듦, 핀 1~16 C0~C15, 17~24 J2)",Toccata:CD74HC4067_Breakout_40.6x17.8 (행 간격 15.24) 또는 PinHeader_1x16 + PinHeader_1x08,SEV2,파츠파츠 303
SCH-03,MB,C301,100n,Samsung CL31B104KCFNNNE 1206 100 nF 100 V X7R,7,7,,Device:C,Capacitor_SMD:C_1206_3216Metric_Pad1.33x1.80mm_HandSolder,SE4,아이씨뱅큐 P014968846
SCH-03,MB,A301,RP2040-Zero,Waveshare RP2040-Zero (파츠파츠 PP-A799-2),7,7,,dj505/RP2040-Zero-KiCAD : RP2040-Zero (3V3 핀을 power_out으로),dj505 'RP2040 Zero.kicad_mod' (패드 + 0.8 mm 구멍),SEV2,파츠파츠 2383
SCH-03,MB,JP304,열림,SolderJumper,7,7,모두 열림 (PB에서만 닫음),Jumper:SolderJumper_2_Open,Jumper:SolderJumper-2_P1.3mm_Open_Pad1.0x1.5mm (만능기판: 두 구멍 브리지),,
SCH-03,MB,JP301,,SolderJumper,7,7,O1·O3·O5·O7 닫음,Jumper:SolderJumper_2_Open,Jumper:SolderJumper-2_P1.3mm_Open_Pad1.0x1.5mm (만능기판: 두 구멍 브리지),,
SCH-03,MB,JP302,,SolderJumper,7,7,O2·O3·O6·O7 닫음,Jumper:SolderJumper_2_Open,Jumper:SolderJumper-2_P1.3mm_Open_Pad1.0x1.5mm (만능기판: 두 구멍 브리지),,
SCH-03,MB,JP303,,SolderJumper,7,7,O4~O7 닫음,Jumper:SolderJumper_2_Open,Jumper:SolderJumper-2_P1.3mm_Open_Pad1.0x1.5mm (만능기판: 두 구멍 브리지),,
SCH-03,MB,J302,EXT 패드 1×6 (2.54),핀헤더 1×40 2.54 mm (자름),7,7,O1·O7만 선 연결,Connector_Generic:Conn_01x06,Connector_PinHeader_2.54mm:PinHeader_1x06_P2.54mm_Vertical (패드만),SE7,아이씨뱅큐 P005666127
SCH-03,MB,R301,1k,탄소피막 1/4 W 5 % 1 kΩ,7,2,O1·O7,Device:R,Resistor_THT:R_Axial_DIN0207_L6.3mm_D2.5mm_P7.62mm_Horizontal,L29,엘레파츠 10911
SCH-03,MB,R305,100k,탄소피막 1/4 W 5 % 100 kΩ,7,2,O1·O7,Device:R,Resistor_THT:R_Axial_DIN0207_L6.3mm_D2.5mm_P7.62mm_Horizontal,L29,엘레파츠 10993
SCH-03,MB,R302,1k,탄소피막 1/4 W 5 % 1 kΩ,7,1,O1,Device:R,Resistor_THT:R_Axial_DIN0207_L6.3mm_D2.5mm_P7.62mm_Horizontal,L29,엘레파츠 10911
SCH-03,MB,R306,100k,탄소피막 1/4 W 5 % 100 kΩ,7,1,O1,Device:R,Resistor_THT:R_Axial_DIN0207_L6.3mm_D2.5mm_P7.62mm_Horizontal,L29,엘레파츠 10993
SCH-03,MB,R303,1k,탄소피막 1/4 W 5 % 1 kΩ,7,1,O1,Device:R,Resistor_THT:R_Axial_DIN0207_L6.3mm_D2.5mm_P7.62mm_Horizontal,L29,엘레파츠 10911
SCH-03,MB,R307,100k,탄소피막 1/4 W 5 % 100 kΩ,7,1,O1,Device:R,Resistor_THT:R_Axial_DIN0207_L6.3mm_D2.5mm_P7.62mm_Horizontal,L29,엘레파츠 10993
SCH-03,MB,R304,1k,탄소피막 1/4 W 5 % 1 kΩ,7,0,없음 (비움),Device:R,Resistor_THT:R_Axial_DIN0207_L6.3mm_D2.5mm_P7.62mm_Horizontal,L29,엘레파츠 10911
SCH-03,MB,R308,100k,탄소피막 1/4 W 5 % 100 kΩ,7,0,없음 (비움),Device:R,Resistor_THT:R_Axial_DIN0207_L6.3mm_D2.5mm_P7.62mm_Horizontal,L29,엘레파츠 10993
SCH-03,MB,TP301,,TestPoint,7,7,,Connector:TestPoint,TestPoint:TestPoint_THTPad_D1.5mm_Drill0.7mm,,
SCH-03,MB,TP302,,TestPoint,7,7,,Connector:TestPoint,TestPoint:TestPoint_THTPad_D1.5mm_Drill0.7mm,,
SCH-03,MB,TP303,,TestPoint,7,7,,Connector:TestPoint,TestPoint:TestPoint_THTPad_D1.5mm_Drill0.7mm,,
SCH-04,EL,U401,DRV5055A2QLPG,"TI DRV5055A2QLPG, TO-92-3 (LPG)",1,1,,Sensor_Magnetic:DRV5055A2xLPGxQ1 (Value = DRV5055A2QLPG),Package_TO_SOT_THT:TO-92_Inline_W4.0mm_Horizontal_FlatSideUp → 2.54 간격으로 복사 수정,L20,아이씨뱅큐 P018076669
SCH-04,EL,C401,100n,Samsung CL31B104KCFNNNE 1206 100 nF 100 V X7R,1,1,,Device:C,Capacitor_SMD:C_1206_3216Metric_Pad1.33x1.80mm_HandSolder,SE4,아이씨뱅큐 P014968846
SCH-04,EL,U402,DRV5055A2QLPG,"TI DRV5055A2QLPG, TO-92-3 (LPG)",1,1,,Sensor_Magnetic:DRV5055A2xLPGxQ1 (Value = DRV5055A2QLPG),Package_TO_SOT_THT:TO-92_Inline_W4.0mm_Horizontal_FlatSideUp → 2.54 간격으로 복사 수정,L20,아이씨뱅큐 P018076669
SCH-04,EL,C402,100n,Samsung CL31B104KCFNNNE 1206 100 nF 100 V X7R,1,1,,Device:C,Capacitor_SMD:C_1206_3216Metric_Pad1.33x1.80mm_HandSolder,SE4,아이씨뱅큐 P014968846
SCH-04,EL,U403,DRV5055A2QLPG,"TI DRV5055A2QLPG, TO-92-3 (LPG)",1,1,,Sensor_Magnetic:DRV5055A2xLPGxQ1 (Value = DRV5055A2QLPG),Package_TO_SOT_THT:TO-92_Inline_W4.0mm_Horizontal_FlatSideUp → 2.54 간격으로 복사 수정,L20,아이씨뱅큐 P018076669
SCH-04,EL,C403,100n,Samsung CL31B104KCFNNNE 1206 100 nF 100 V X7R,1,1,,Device:C,Capacitor_SMD:C_1206_3216Metric_Pad1.33x1.80mm_HandSolder,SE4,아이씨뱅큐 P014968846
SCH-04,EL,C404,10µ,"1206 10 µF 16 V (C3216-10UF, 50개 단위) — 구매 목록에 추가",1,1,,Device:C,Capacitor_SMD:C_1206_3216Metric_Pad1.33x1.80mm_HandSolder,신규,아이씨뱅큐 P001248090
SCH-04,EL,J401,리드선 패드 ×5,Conn_pads,1,1,,Connector_Generic:Conn_01x0N,Connector_PinHeader_2.54mm:PinHeader_1x0N_P2.54mm_Vertical (패드만),,
SCH-04,EL,X401,JST-XH 6P (끝 부속 쪽),JST-XH 6핀 밸런스 연장선 5S 200 mm (반으로 잘라 씀),1,1,,Connector_Generic:Conn_01x06,보드 밖 (Exclude from board) — 선 대 선 커넥터,L66,RC뱅크 29812
SCH-04,EL,X402,JST-XH 6P (모듈 쪽),JST-XH 6핀 밸런스 연장선 5S 200 mm (반으로 잘라 씀),1,1,,Connector_Generic:Conn_01x06,보드 밖 (Exclude from board) — 선 대 선 커넥터,L66,RC뱅크 29812
SCH-04,ER,U411,DRV5055A2QLPG,"TI DRV5055A2QLPG, TO-92-3 (LPG)",1,1,,Sensor_Magnetic:DRV5055A2xLPGxQ1 (Value = DRV5055A2QLPG),Package_TO_SOT_THT:TO-92_Inline_W4.0mm_Horizontal_FlatSideUp → 2.54 간격으로 복사 수정,L20,아이씨뱅큐 P018076669
SCH-04,ER,C411,100n,Samsung CL31B104KCFNNNE 1206 100 nF 100 V X7R,1,1,,Device:C,Capacitor_SMD:C_1206_3216Metric_Pad1.33x1.80mm_HandSolder,SE4,아이씨뱅큐 P014968846
SCH-04,ER,C412,10µ,"1206 10 µF 16 V (C3216-10UF, 50개 단위) — 구매 목록에 추가",1,1,,Device:C,Capacitor_SMD:C_1206_3216Metric_Pad1.33x1.80mm_HandSolder,신규,아이씨뱅큐 P001248090
SCH-04,ER,J411,리드선 패드 ×3,Conn_pads,1,1,,Connector_Generic:Conn_01x0N,Connector_PinHeader_2.54mm:PinHeader_1x0N_P2.54mm_Vertical (패드만),,
SCH-04,ER,X411,JST-XH 6P (끝 부속 쪽),JST-XH 6핀 밸런스 연장선 5S 200 mm (반으로 잘라 씀),1,1,,Connector_Generic:Conn_01x06,보드 밖 (Exclude from board) — 선 대 선 커넥터,L66,RC뱅크 29812
SCH-04,ER,X412,JST-XH 6P (모듈 쪽),JST-XH 6핀 밸런스 연장선 5S 200 mm (반으로 잘라 씀),1,1,,Connector_Generic:Conn_01x06,보드 밖 (Exclude from board) — 선 대 선 커넥터,L66,RC뱅크 29812
SCH-05,PS,U551,DRV5055A2QLPG,"TI DRV5055A2QLPG, TO-92-3 (LPG)",1,1,,Sensor_Magnetic:DRV5055A2xLPGxQ1 (Value = DRV5055A2QLPG),Package_TO_SOT_THT:TO-92_Inline_W4.0mm_Horizontal_FlatSideUp → 2.54 간격으로 복사 수정,L20,아이씨뱅큐 P018076669
SCH-05,PS,C551,100n,Samsung CL31B104KCFNNNE 1206 100 nF 100 V X7R,1,1,,Device:C,Capacitor_SMD:C_1206_3216Metric_Pad1.33x1.80mm_HandSolder,SE4,아이씨뱅큐 P014968846
SCH-05,PS,R551,1k,탄소피막 1/4 W 5 % 1 kΩ,1,1,,Device:R,Resistor_THT:R_Axial_DIN0207_L6.3mm_D2.5mm_P7.62mm_Horizontal,L29,엘레파츠 10911
SCH-05,PS,P501,TRS 플러그,Plug_TRS,1,1,,Connector_Audio:AudioPlug3,보드 밖 (Exclude from board),,
SCH-05,PB,J501,PJ-313 페달 잭,BSUN PJ-313 3.5 mm 스테레오 잭 (노멀 접점),1,1,,"Connector_Audio:AudioJack3_SwitchTR (핀 번호 = T, TN, R, RN, S)",직접 만듦 Toccata:Jack_3.5mm_PJ-313 — 패드 이름을 T/TN/R/RN/S로 (통전 검사로 확인),L15,엘레파츠
SCH-05,PB,R501,1k,탄소피막 1/4 W 5 % 1 kΩ,1,1,,Device:R,Resistor_THT:R_Axial_DIN0207_L6.3mm_D2.5mm_P7.62mm_Horizontal,L29,엘레파츠 10911
SCH-05,PB,R502,100k,탄소피막 1/4 W 5 % 100 kΩ,1,1,,Device:R,Resistor_THT:R_Axial_DIN0207_L6.3mm_D2.5mm_P7.62mm_Horizontal,L29,엘레파츠 10993
SCH-05,PB,R503,20Ω,탄소피막 1/4 W 5 % 100 Ω,1,5,,Device:R (Value 20R = 100 Ω ×5 병렬),Resistor_THT:R_Axial_DIN0207_L6.3mm_D2.5mm_P7.62mm_Horizontal ×5,L29,엘레파츠 10873
SCH-05,PB,C501,100n,Samsung CL31B104KCFNNNE 1206 100 nF 100 V X7R,1,1,,Device:C,Capacitor_SMD:C_1206_3216Metric_Pad1.33x1.80mm_HandSolder,SE4,아이씨뱅큐 P014968846
SCH-05,PB,A501,RP2040-Zero,Waveshare RP2040-Zero (파츠파츠 PP-A799-2),1,1,,dj505/RP2040-Zero-KiCAD : RP2040-Zero (3V3 핀을 power_out으로),dj505 'RP2040 Zero.kicad_mod' (패드 + 0.8 mm 구멍),SEV2,파츠파츠 2383
SCH-05,PB,JP504,닫음,SolderJumper,1,1,,Jumper:SolderJumper_2_Open,Jumper:SolderJumper-2_P1.3mm_Open_Pad1.0x1.5mm (만능기판: 두 구멍 브리지),,
SCH-05,PB,TP501,,TestPoint,1,1,,Connector:TestPoint,TestPoint:TestPoint_THTPad_D1.5mm_Drill0.7mm,,
SCH-05,PB,TP502,,TestPoint,1,1,,Connector:TestPoint,TestPoint:TestPoint_THTPad_D1.5mm_Drill0.7mm,,
SCH-06,CU,A601,HUSB238 PD 트리거 → 20 V,HUSB238 PD 트리거 모듈 5~20 V (HAM6113),1,1,,"Toccata:HUSB238_Trigger (1·2 VOUT+, 3·4 GND)",보드 밖 (Exclude from board),L57,아이씨뱅큐 P017179277
SCH-06,CU,F601,5 A T (0218005.MXP),Littelfuse 0218005.MXP 5 A 지연형 5×20 mm,1,1,,Device:Fuse,보드 밖 (Exclude from board) — 인라인 홀더 BU914,L60,엘레파츠 12766820
SCH-06,CU,SW601,KCD1-101A,"KCD1-101A 로커 스위치 (SPST, 2핀)",1,1,,Switch:SW_SPST,보드 밖 (Exclude from board) — I/O 판,L59,엘레파츠 32569
SCH-06,CU,A602,XL4016 강압 → 5.1 V,XL4016 강압 모듈 XH-M401 (HAM6415) → 5.1 V,1,1,,"Toccata:XL4016_Buck (1 IN+, 2 IN−, 3 OUT+, 4 OUT−)",보드 밖 (Exclude from board),L58,아이씨뱅큐 P017179502
SCH-06,CU,P601,USB-C 수 2선 (MT666),MAXTEK MT666 USB-C 수 2선 DIY 전원선,1,1,,"Connector:USB_C_Plug_USB2.0 (A4 VBUS, A1 GND만 사용)",보드 밖 (Exclude from board),C24,엘레파츠 17358965
SCH-06,CU,P602,DC 플러그 (허브 어댑터 선),NEXTU 710U3 유전원 USB 허브 (10포트),1,1,,"Connector_Generic:Conn_01x02 (1 = 중심 +, 2 = 슬리브)",보드 밖 (Exclude from board) — 허브 어댑터 선,L17,다나와
SCH-06,CU,TP601,,TestPoint,1,1,,Connector:TestPoint,TestPoint:TestPoint_THTPad_D1.5mm_Drill0.7mm,,
SCH-06,CU,TP602,,TestPoint,1,1,,Connector:TestPoint,TestPoint:TestPoint_THTPad_D1.5mm_Drill0.7mm,,
SCH-06,CU,TP603,,TestPoint,1,1,,Connector:TestPoint,TestPoint:TestPoint_THTPad_D1.5mm_Drill0.7mm,,
SCH-07,CU,A701,Apple USB-C → 3.5 mm (MW2Q3),Apple USB-C → 3.5 mm 어댑터 MW2Q3,1,1,,"Toccata:USB_Audio_Dongle (T, R, S)",보드 밖 (Exclude from board),L51,Apple
SCH-07,CU,P701,W701 플러그,Plug_TRS,1,1,,Connector_Audio:AudioPlug3,보드 밖 (Exclude from board),,
SCH-07,CU,J701,PJ-313 헤드폰 잭,BSUN PJ-313 3.5 mm 스테레오 잭 (노멀 접점),1,1,,"Connector_Audio:AudioJack3_SwitchTR (핀 번호 = T, TN, R, RN, S)",직접 만듦 Toccata:Jack_3.5mm_PJ-313 — 패드 이름을 T/TN/R/RN/S로 (통전 검사로 확인),L15,엘레파츠
SCH-07,CU,P702,W702 플러그,Plug_TRS,1,1,,Connector_Audio:AudioPlug3,보드 밖 (Exclude from board),,
SCH-07,CU,J702,PJ-313 앰프 입력 잭,BSUN PJ-313 3.5 mm 스테레오 잭 (노멀 접점),1,1,,"Connector_Audio:AudioJack3_SwitchTR (핀 번호 = T, TN, R, RN, S)",직접 만듦 Toccata:Jack_3.5mm_PJ-313 — 패드 이름을 T/TN/R/RN/S로 (통전 검사로 확인),L15,엘레파츠
SCH-07,CU,C701,1µ,리드형 적층 세라믹 1 µF 50 V X7R,1,1,,Device:C,Capacitor_THT:C_Disc_D5.0mm_W2.5mm_P5.00mm (리드 간격 실측),L56,아이씨뱅큐 P014159115
SCH-07,CU,C702,1µ,리드형 적층 세라믹 1 µF 50 V X7R,1,1,,Device:C,Capacitor_THT:C_Disc_D5.0mm_W2.5mm_P5.00mm (리드 간격 실측),L56,아이씨뱅큐 P014159115
SCH-07,CU,R701,1k,탄소피막 1/4 W 5 % 1 kΩ,1,1,,Device:R,Resistor_THT:R_Axial_DIN0207_L6.3mm_D2.5mm_P7.62mm_Horizontal,L29,엘레파츠 10911
SCH-07,CU,C703,1µ,리드형 적층 세라믹 1 µF 50 V X7R,1,1,,Device:C,Capacitor_THT:C_Disc_D5.0mm_W2.5mm_P5.00mm (리드 간격 실측),L56,아이씨뱅큐 P014159115
SCH-07,CU,C704,1µ,리드형 적층 세라믹 1 µF 50 V X7R,1,1,,Device:C,Capacitor_THT:C_Disc_D5.0mm_W2.5mm_P5.00mm (리드 간격 실측),L56,아이씨뱅큐 P014159115
SCH-07,CU,R702,1k,탄소피막 1/4 W 5 % 1 kΩ,1,1,,Device:R,Resistor_THT:R_Axial_DIN0207_L6.3mm_D2.5mm_P7.62mm_Horizontal,L29,엘레파츠 10911
SCH-07,CU,A702,XH-A232 (HW-404),XH-A232 (HW-404) TPA3110 2×15 W 앰프 보드,1,1,,"Toccata:XH-A232 (1 L, 2 G, 3 R, 4 VCC, 5 GND, 6 L+, 7 L−, 8 R+, 9 R−)",보드 밖 (Exclude from board),L53,아이씨뱅큐 P017179248
SCH-07,CU,X703,XT30U-M,AMASS XT30U-M 18 AWG 10 cm,1,1,,Connector:Conn_01x02_Pin,Connector_AMASS:AMASS_XT30U-M_1x02_P5.0mm_Vertical (패드 1 = −) · 보드 밖 (Exclude from board),L61,엘레파츠 12779720
SCH-07,CU,X704,XT30U-F,AMASS XT30U-F 18 AWG 10 cm,1,1,,Connector:Conn_01x02_Socket,Connector_AMASS:AMASS_XT30U-F_1x02_P5.0mm_Vertical (패드 1 = −) · 보드 밖 (Exclude from board),L61,엘레파츠 12779721
SCH-07,CU,LS701,CW-100B25 8 Ω (왼쪽),삼미 CW-100B25 4인치 8 Ω 25 W,1,1,,Device:Speaker (핀 1 = +),보드 밖 (Exclude from board),L07,11번가 1565354988
SCH-07,CU,X705,XT30U-M,AMASS XT30U-M 18 AWG 10 cm,1,1,,Connector:Conn_01x02_Pin,Connector_AMASS:AMASS_XT30U-M_1x02_P5.0mm_Vertical (패드 1 = −) · 보드 밖 (Exclude from board),L61,엘레파츠 12779720
SCH-07,CU,X706,XT30U-F,AMASS XT30U-F 18 AWG 10 cm,1,1,,Connector:Conn_01x02_Socket,Connector_AMASS:AMASS_XT30U-F_1x02_P5.0mm_Vertical (패드 1 = −) · 보드 밖 (Exclude from board),L61,엘레파츠 12779721
SCH-07,CU,LS702,CW-100B25 8 Ω (오른쪽),삼미 CW-100B25 4인치 8 Ω 25 W,1,1,,Device:Speaker (핀 1 = +),보드 밖 (Exclude from board),L07,11번가 1565354988
