W,종류,길이,한쪽,다른 쪽,심선,구매 목록 코드
W101~W107,"플랫 리본 2651-16P, 16심 전부 사용",약 180 mm ×7,SB J201 (2×8),MB J301 (2×8),"16 (3V3 ×2, GND ×2, 신호 12)",C05
W201~W207,USB-A → C 1 m,1 m ×7,허브 다운스트림,O1~O7 RP2040-Zero USB-C,USB 2.0,C04
W208,"USB-A → C 1 m (CU 안, 짧게 묶음)",1 m,허브 다운스트림,PB RP2040-Zero USB-C,USB 2.0,C04
W209,허브 기본 업스트림 선,허브 부속,허브 업스트림,Pi 5 USB-A,USB 3.0,L17
W401,EL 리드 (리본 가닥 5심),350 mm,EL J401,X401 JST-XH 6P (끝 부속 반쪽),5 (XH 1·2·3·4·6),C05 · L66
W403,O1 EXT 연장 6심,150 mm,O1 MB J302,X402 JST-XH 6P (모듈 반쪽),6,L66 반쪽 리드
W411,ER 리드 (리본 가닥 3심),300 mm,ER J411,X411 JST-XH 6P (끝 부속 반쪽),3 (XH 1·2·6),C05 · L66
W413,O7 EXT 연장 6심,150 mm,O7 MB J302,X412 JST-XH 6P (모듈 반쪽),6,L66 반쪽 리드
W501,3.5 mm 스테레오 3 m (한쪽 잘라 페달에 납땜),3 m,PS U551 (페달 안),P501 → J501 (I/O 판),"3 (T OUT, R VCC, S GND)",L50
W502,잭 → PB 단선,약 10 cm,J501 T·TN·R·S,PB,4,SE12
W601,USB-C ↔ C PD 60 W,2 m / 0.6 m,충전기 / 보조배터리,A601 USB-C,PD,C23 / C22
W602,20 V 배선 16 AWG,약 1 m,A601 → F601 → SW601,A602 IN · A702 VCC,2,C13
W603,USB-C 수 2선 (MT666),약 25 cm,A602 OUT,Pi 5 USB-C,"2 (빨강 +, 검정 −)",C24
W604,허브 어댑터 선 (잘라 씀),약 30 cm,A602 OUT,허브 DC 입력,2 (중심 +),L17 부속
W701,3.5 mm 스테레오 1.5 m (볼 쪽 잘라 납땜),1.5 m,동글 A701 (플러그 P701),J701 T·R·S (볼),3,L15x
W702,3.5 mm 스테레오 1.5 m (볼 쪽 잘라 납땜),1.5 m,J701 TN·RN·S,P702 → J702 (CU),3,L15x
W703·W705,"스피커선 16 AWG, 쌍마다 꼼",약 0.6 m ×2,A702 L± / R±,X703 / X705 XT30U-M,2 ×2,C13
W704·W706,스피커선 16 AWG,약 0.3 m ×2,X704 / X706 XT30U-F,LS701 / LS702,2 ×2,C13
X701,USB-C(F) → USB-A(M) 젠더,—,동글,Pi 5 USB-A,—,L52
