패드 (dj505),Waveshare P1,이름,가장자리,구멍 x (mm),"구멍 y (mm, USB 가장자리 기준)",Toccata 용도
1,23,5V,왼쪽,1.38,1.59,연결 금지 (USB VBUS)
2,22,GND,왼쪽,1.38,4.13,GND
3,21,3V3,왼쪽,1.38,6.67,+3V3
4,20,GP29,왼쪽,1.38,9.21,NC
5,19,GP28,왼쪽,1.38,11.75,NC
6,18,GP27,왼쪽,1.38,14.29,NC
7,17,GP26,왼쪽,1.38,16.83,MUX_SIG / PED_ADC
8,16,GP15,왼쪽,1.38,19.37,NC
9,15,GP14,왼쪽,1.38,21.91,PED_SEL
10,1,GP0,오른쪽,16.62,1.59,NC
11,2,GP1,오른쪽,16.62,4.13,NC
12,3,GP2,오른쪽,16.62,6.67,MUX_S0
13,4,GP3,오른쪽,16.62,9.21,MUX_S1
14,5,GP4,오른쪽,16.62,11.75,MUX_S2
15,6,GP5,오른쪽,16.62,14.29,MUX_S3
16,7,GP6,오른쪽,16.62,16.83,ID0
17,8,GP7,오른쪽,16.62,19.37,ID1
18,9,GP8,오른쪽,16.62,21.91,ID2
19,14,GP13,아래,3.92,21.91,NC
20,13,GP12,아래,6.46,21.91,NC
21,12,GP11,아래,9.00,21.91,NC
22,11,GP10,아래,11.54,21.91,NC
23,10,GP9,아래,14.08,21.91,NC
