넷,시작,x,y,끝,x,y,직각 길이 (mm),메모
+3V3,A301.3,76.38,188.83,TP301.1,97.79,187.96,22,
+3V3,TP301.1,97.79,187.96,J302.6,107.95,193.04,15,
+3V3,J302.6,107.95,193.04,A302.18,69.85,166.37,65,홈 뒤(y>173)로 돌 것
+3V3,A302.18,69.85,166.37,J301.16,79.37,151.13,25,
+3V3,J301.16,79.37,151.13,J301.1,61.59,148.59,20,
EXT1,J302.2,97.79,193.04,R301.1,101.60,150.53,46,
EXT2,J302.3,100.33,193.04,R302.1,101.60,153.07,41,
EXT3,J302.4,102.87,193.04,R303.1,101.60,155.61,39,
EXT4,J302.5,105.41,193.04,R304.1,101.60,158.15,39,
GND,A301.2,76.38,191.37,J302.1,95.25,193.04,21,
GND,J302.1,95.25,193.04,TP302.1,100.33,187.96,10,
GND,TP302.1,100.33,187.96,JP301.2,100.33,181.23,7,
GND,JP301.2,100.33,181.23,JP302.2,100.33,178.69,3,
GND,JP302.2,100.33,178.69,JP303.2,100.33,176.15,3,
GND,JP303.2,100.33,176.15,JP304.1,100.33,173.61,3,
GND,JP304.1,100.33,173.61,R308.2,109.22,168.31,14,
GND,R308.2,109.22,168.31,R307.2,109.22,165.77,3,
GND,R307.2,109.22,165.77,R306.2,109.22,163.23,3,
GND,R306.2,109.22,163.23,R305.2,109.22,160.69,3,
GND,R305.2,109.22,160.69,J301.15,79.37,148.59,42,홈 뒤(y>173)로 돌 것
GND,J301.15,79.37,148.59,J301.2,61.59,151.13,20,
GND,J301.2,61.59,151.13,A302.17,69.85,163.83,21,
GND,A302.17,69.85,163.83,A302.19,69.85,168.91,5,
HALL_A,A302.10,54.61,176.53,J301.12,74.29,151.13,45,
HALL_AS,A302.11,54.61,179.07,J301.13,76.83,148.59,53,
HALL_B,A302.12,54.61,181.61,J301.14,76.83,151.13,53,
HALL_C,A302.1,54.61,153.67,J301.3,64.13,148.59,15,
HALL_CS,A302.2,54.61,156.21,J301.4,64.13,151.13,15,
HALL_D,A302.3,54.61,158.75,J301.5,66.67,148.59,22,
HALL_DS,A302.4,54.61,161.29,J301.6,66.67,151.13,22,
HALL_E,A302.5,54.61,163.83,J301.7,69.21,148.59,30,
HALL_F,A302.6,54.61,166.37,J301.8,69.21,151.13,30,
HALL_FS,A302.7,54.61,168.91,J301.9,71.75,148.59,37,
HALL_G,A302.8,54.61,171.45,J301.10,71.75,151.13,37,
HALL_GS,A302.9,54.61,173.99,J301.11,74.29,148.59,45,
ID0,A301.16,91.62,178.67,JP301.1,97.79,181.23,9,
ID1,A301.17,91.62,176.13,JP302.1,97.79,178.69,9,
ID2,A301.18,91.62,173.59,JP303.1,97.79,176.15,9,
MUX_C12,A302.13,54.61,184.15,R305.1,101.60,160.69,70,홈 뒤(y>173)로 돌 것
MUX_C12,R305.1,101.60,160.69,R301.2,109.22,150.53,18,
MUX_C13,A302.14,54.61,186.69,R306.1,101.60,163.23,70,홈 뒤(y>173)로 돌 것
MUX_C13,R306.1,101.60,163.23,R302.2,109.22,153.07,18,
MUX_C14,A302.15,54.61,189.23,R307.1,101.60,165.77,70,홈 뒤(y>173)로 돌 것
MUX_C14,R307.1,101.60,165.77,R303.2,109.22,155.61,18,
MUX_C15,A302.16,54.61,191.77,R308.1,101.60,168.31,70,홈 뒤(y>173)로 돌 것
MUX_C15,R308.1,101.60,168.31,R304.2,109.22,158.15,18,
MUX_S0,A301.12,91.62,188.83,A302.20,69.85,171.45,39,홈 뒤(y>173)로 돌 것
MUX_S1,A301.13,91.62,186.29,A302.21,69.85,173.99,34,
MUX_S2,A301.14,91.62,183.75,A302.22,69.85,176.53,29,
MUX_S3,A301.15,91.62,181.21,A302.23,69.85,179.07,24,
MUX_SIG,A301.7,76.38,178.67,A302.24,69.85,181.61,9,
MUX_SIG,A302.24,69.85,181.61,TP303.1,102.87,187.96,39,
PED_SEL,A301.9,76.38,173.59,JP304.2,97.79,173.61,21,
